angle,ad_id,format,primary_text,headline,description,destination
Protection,P1,Static 4:5,"You cannot be present for every pool party, playground problem, or moment your child feels physically overwhelmed. Two skills can give them a practiced response when you are not there: swimming and jiu-jitsu.","Two Skills for When You Aren't There","Why our family treats both as core life skills.",swimming-bjj-mandatory-advertorial.html
Protection,P2,Static 4:5,"Good parenting is not creating a world with no hard moments. It is helping children build a response before the hard moment arrives.","Prepare Them, Don't Frighten Them","A calmer way to think about practical childhood skills.",swimming-bjj-mandatory-advertorial.html
Protection,P3,Reel 20 sec,"At first, protection comes from you. Over time, it also becomes the skills your child can use without you.","Turn Protection Into a Practiced Skill","See why swimming and jiu-jitsu belong together.",swimming-bjj-mandatory-advertorial.html
Composure,C1,Static 4:5,"Jiu-jitsu is not valuable because we expect children to fight. It is valuable because pressure becomes familiar enough to pause, think, communicate, and try a trained response.","Teach a Response Before They Need It","Calm is easier to access when it has been practiced.",swimming-bjj-mandatory-advertorial.html
Composure,C2,Static 4:5,"A child cannot learn composure from a speech alone. They build it through small, coached moments: stop, breathe, listen, move, reset, try again.","Confidence Is a Practiced Response","Inside the shared lesson behind two life skills.",swimming-bjj-mandatory-advertorial.html
Composure,C3,Reel 25 sec,"Swimming and jiu-jitsu look completely different. Under pressure, they teach a surprisingly similar sequence.","The Shared Lesson Nobody Talks About","Body control, composure, and a practiced next move.",swimming-bjj-mandatory-advertorial.html
Family belief,B1,Static 4:5,"Swimming and jiu-jitsu are not activities we chose just to fill a calendar. We treat them as core life skills. One teaches water competence. The other gives children a place to practice boundaries, body control, and composure under pressure.","Why We Call Both Mandatory","A parent's case for two practical childhood skills.",swimming-bjj-mandatory-advertorial.html
Family belief,B2,Static 4:5,"Some activities entertain. Some build fitness. A few teach children how to respond when their body and emotions are under pressure. Those are the ones we protect time for.","The Skills We Refuse to Call Optional","A practical filter for an already crowded family calendar.",swimming-bjj-mandatory-advertorial.html
Family belief,B3,Founder video 30 sec,"When parents ask what jiu-jitsu is really for, start here: it gives children a safe place to feel pressure, communicate a boundary, solve a physical problem, and try again with coaching.","Two Skills. One Deeper Lesson.","Read the full case, then find the right class.",swimming-bjj-mandatory-advertorial.html
